Fecha,tipo_carne,flujo_id,Exportaciones
01/01/2006,Bovino fresca/refrigerada,2,6259643
01/02/2006,Bovino fresca/refrigerada,2,5808785
01/03/2006,Bovino fresca/refrigerada,2,6958760
01/04/2006,Bovino fresca/refrigerada,2,6370714
01/05/2006,Bovino fresca/refrigerada,2,7012924
01/06/2006,Bovino fresca/refrigerada,2,7553294
01/07/2006,Bovino fresca/refrigerada,2,8271994
01/08/2006,Bovino fresca/refrigerada,2,8113527
01/09/2006,Bovino fresca/refrigerada,2,7962187
01/10/2006,Bovino fresca/refrigerada,2,8238035
01/11/2006,Bovino fresca/refrigerada,2,8415985
01/12/2006,Bovino fresca/refrigerada,2,6937146
01/01/2007,Bovino fresca/refrigerada,2,7246722
01/02/2007,Bovino fresca/refrigerada,2,7144039
01/03/2007,Bovino fresca/refrigerada,2,8313810
01/04/2007,Bovino fresca/refrigerada,2,8588486
01/05/2007,Bovino fresca/refrigerada,2,8632383
01/06/2007,Bovino fresca/refrigerada,2,9061083
01/07/2007,Bovino fresca/refrigerada,2,8633797
01/08/2007,Bovino fresca/refrigerada,2,8853314
01/09/2007,Bovino fresca/refrigerada,2,7228556
01/11/2007,Bovino fresca/refrigerada,2,6721971
01/12/2007,Bovino fresca/refrigerada,2,7105523
01/01/2008,Bovino fresca/refrigerada,2,8809903
01/02/2008,Bovino fresca/refrigerada,2,7484166
01/03/2008,Bovino fresca/refrigerada,2,8978008
01/04/2008,Bovino fresca/refrigerada,2,9442961
01/05/2008,Bovino fresca/refrigerada,2,9120692
01/06/2008,Bovino fresca/refrigerada,2,9352580
01/07/2008,Bovino fresca/refrigerada,2,10279783
01/08/2008,Bovino fresca/refrigerada,2,7328214
01/09/2008,Bovino fresca/refrigerada,2,1346267
01/10/2008,Bovino fresca/refrigerada,2,2602866
01/11/2008,Bovino fresca/refrigerada,2,4765668
01/12/2008,Bovino fresca/refrigerada,2,8034698
01/01/2009,Bovino fresca/refrigerada,2,8606825
01/02/2009,Bovino fresca/refrigerada,2,7017403
01/03/2009,Bovino fresca/refrigerada,2,7989698
01/04/2009,Bovino fresca/refrigerada,2,8513522
01/05/2009,Bovino fresca/refrigerada,2,9946661
01/06/2009,Bovino fresca/refrigerada,2,13630876
01/07/2009,Bovino fresca/refrigerada,2,11143142
01/08/2009,Bovino fresca/refrigerada,2,9861216
01/09/2009,Bovino fresca/refrigerada,2,9382005
01/10/2009,Bovino fresca/refrigerada,2,10549719
01/11/2009,Bovino fresca/refrigerada,2,10965711
01/12/2009,Bovino fresca/refrigerada,2,11407199
01/01/2010,Bovino fresca/refrigerada,2,11848285
01/02/2010,Bovino fresca/refrigerada,2,10080734
01/03/2010,Bovino fresca/refrigerada,2,17551455
01/04/2010,Bovino fresca/refrigerada,2,15421632
01/05/2010,Bovino fresca/refrigerada,2,19675605
01/06/2010,Bovino fresca/refrigerada,2,18344527
01/07/2010,Bovino fresca/refrigerada,2,20420267
01/08/2010,Bovino fresca/refrigerada,2,22393319
01/09/2010,Bovino fresca/refrigerada,2,19445645
01/10/2010,Bovino fresca/refrigerada,2,19161033
01/11/2010,Bovino fresca/refrigerada,2,20175830
01/12/2010,Bovino fresca/refrigerada,2,19891580
01/01/2011,Bovino fresca/refrigerada,2,21454778
01/02/2011,Bovino fresca/refrigerada,2,23167027
01/03/2011,Bovino fresca/refrigerada,2,31109405
01/04/2011,Bovino fresca/refrigerada,2,28480237
01/05/2011,Bovino fresca/refrigerada,2,29054755
01/06/2011,Bovino fresca/refrigerada,2,29099266
01/07/2011,Bovino fresca/refrigerada,2,25092890
01/08/2011,Bovino fresca/refrigerada,2,28165174
01/09/2011,Bovino fresca/refrigerada,2,24710027
01/10/2011,Bovino fresca/refrigerada,2,26426890
01/11/2011,Bovino fresca/refrigerada,2,27596485
01/12/2011,Bovino fresca/refrigerada,2,25410465
01/01/2012,Bovino fresca/refrigerada,2,34428184
01/02/2012,Bovino fresca/refrigerada,2,32863761
01/03/2012,Bovino fresca/refrigerada,2,37318893
01/04/2012,Bovino fresca/refrigerada,2,34235520
01/05/2012,Bovino fresca/refrigerada,2,42754390
01/06/2012,Bovino fresca/refrigerada,2,40156648
01/07/2012,Bovino fresca/refrigerada,2,44824355
01/08/2012,Bovino fresca/refrigerada,2,48741507
01/09/2012,Bovino fresca/refrigerada,2,42307256
01/10/2012,Bovino fresca/refrigerada,2,48071455
01/11/2012,Bovino fresca/refrigerada,2,44926605
01/12/2012,Bovino fresca/refrigerada,2,39663647
01/01/2013,Bovino fresca/refrigerada,2,44385292
01/02/2013,Bovino fresca/refrigerada,2,45249835
01/03/2013,Bovino fresca/refrigerada,2,46031199
01/04/2013,Bovino fresca/refrigerada,2,46311108
01/05/2013,Bovino fresca/refrigerada,2,41820224
01/06/2013,Bovino fresca/refrigerada,2,40606717
01/07/2013,Bovino fresca/refrigerada,2,43267842
01/08/2013,Bovino fresca/refrigerada,2,42843192
01/09/2013,Bovino fresca/refrigerada,2,42145785
01/10/2013,Bovino fresca/refrigerada,2,47612391
01/11/2013,Bovino fresca/refrigerada,2,41633210
01/12/2013,Bovino fresca/refrigerada,2,40538422
01/01/2014,Bovino fresca/refrigerada,2,46010338
01/02/2014,Bovino fresca/refrigerada,2,47922627
01/03/2014,Bovino fresca/refrigerada,2,62350749
01/04/2014,Bovino fresca/refrigerada,2,52389130
01/05/2014,Bovino fresca/refrigerada,2,63818979
01/06/2014,Bovino fresca/refrigerada,2,64398404
01/07/2014,Bovino fresca/refrigerada,2,75795306
01/08/2014,Bovino fresca/refrigerada,2,76980670
01/09/2014,Bovino fresca/refrigerada,2,73748718
01/10/2014,Bovino fresca/refrigerada,2,71247624
01/11/2014,Bovino fresca/refrigerada,2,63007030
01/12/2014,Bovino fresca/refrigerada,2,73027362
01/01/2015,Bovino fresca/refrigerada,2,68209493
01/02/2015,Bovino fresca/refrigerada,2,78128098
01/03/2015,Bovino fresca/refrigerada,2,90461166
01/04/2015,Bovino fresca/refrigerada,2,88529223
01/05/2015,Bovino fresca/refrigerada,2,84287411
01/06/2015,Bovino fresca/refrigerada,2,91829657
01/07/2015,Bovino fresca/refrigerada,2,98142954
01/08/2015,Bovino fresca/refrigerada,2,79743555
01/09/2015,Bovino fresca/refrigerada,2,73574292
01/10/2015,Bovino fresca/refrigerada,2,81160791
01/11/2015,Bovino fresca/refrigerada,2,70367322
01/12/2015,Bovino fresca/refrigerada,2,70407607
01/01/2016,Bovino fresca/refrigerada,2,73461535
01/02/2016,Bovino fresca/refrigerada,2,80731674
01/03/2016,Bovino fresca/refrigerada,2,75992552
01/04/2016,Bovino fresca/refrigerada,2,85533641
01/05/2016,Bovino fresca/refrigerada,2,90268526
01/06/2016,Bovino fresca/refrigerada,2,88634422
01/07/2016,Bovino fresca/refrigerada,2,76479330
01/08/2016,Bovino fresca/refrigerada,2,86922780
01/09/2016,Bovino fresca/refrigerada,2,79458410
01/10/2016,Bovino fresca/refrigerada,2,84297548
01/11/2016,Bovino fresca/refrigerada,2,83622926
01/12/2016,Bovino fresca/refrigerada,2,71905224
01/01/2017,Bovino fresca/refrigerada,2,79183893
01/02/2017,Bovino fresca/refrigerada,2,72856322
01/03/2017,Bovino fresca/refrigerada,2,83697757
01/04/2017,Bovino fresca/refrigerada,2,70256560
01/05/2017,Bovino fresca/refrigerada,2,87153588
01/06/2017,Bovino fresca/refrigerada,2,86560221
01/07/2017,Bovino fresca/refrigerada,2,90457553
01/08/2017,Bovino fresca/refrigerada,2,87554579
01/09/2017,Bovino fresca/refrigerada,2,75244209
01/10/2017,Bovino fresca/refrigerada,2,88833717
01/11/2017,Bovino fresca/refrigerada,2,89184746
01/12/2017,Bovino fresca/refrigerada,2,78574666
01/01/2018,Bovino fresca/refrigerada,2,87719573
01/02/2018,Bovino fresca/refrigerada,2,85576632
01/03/2018,Bovino fresca/refrigerada,2,81932272
01/04/2018,Bovino fresca/refrigerada,2,68749076
01/05/2018,Bovino fresca/refrigerada,2,106810280
01/06/2018,Bovino fresca/refrigerada,2,107142844
01/07/2018,Bovino fresca/refrigerada,2,97926984
01/08/2018,Bovino fresca/refrigerada,2,92171636
01/09/2018,Bovino fresca/refrigerada,2,81028488
01/10/2018,Bovino fresca/refrigerada,2,86314759
01/11/2018,Bovino fresca/refrigerada,2,90405107
01/12/2018,Bovino fresca/refrigerada,2,82697894
01/01/2019,Bovino fresca/refrigerada,2,91524825
01/02/2019,Bovino fresca/refrigerada,2,95000162
01/03/2019,Bovino fresca/refrigerada,2,105519329
01/04/2019,Bovino fresca/refrigerada,2,106548218
01/05/2019,Bovino fresca/refrigerada,2,109892333
01/06/2019,Bovino fresca/refrigerada,2,98637690
01/07/2019,Bovino fresca/refrigerada,2,101072135
01/08/2019,Bovino fresca/refrigerada,2,102040202
01/09/2019,Bovino fresca/refrigerada,2,99055179
01/10/2019,Bovino fresca/refrigerada,2,105542479
01/11/2019,Bovino fresca/refrigerada,2,103936641
01/12/2019,Bovino fresca/refrigerada,2,98648947
01/01/2020,Bovino fresca/refrigerada,2,95688606
01/02/2020,Bovino fresca/refrigerada,2,96676697
01/03/2020,Bovino fresca/refrigerada,2,115181541
01/04/2020,Bovino fresca/refrigerada,2,107658689
01/05/2020,Bovino fresca/refrigerada,2,178705349
01/06/2020,Bovino fresca/refrigerada,2,163578304
01/07/2020,Bovino fresca/refrigerada,2,121275086
01/08/2020,Bovino fresca/refrigerada,2,120610249
01/09/2020,Bovino fresca/refrigerada,2,109271597
01/10/2020,Bovino fresca/refrigerada,2,81971387
01/11/2020,Bovino fresca/refrigerada,2,73605423
01/12/2020,Bovino fresca/refrigerada,2,83351597
01/01/2021,Bovino fresca/refrigerada,2,86746650
01/02/2021,Bovino fresca/refrigerada,2,115336471
01/03/2021,Bovino fresca/refrigerada,2,141376068
01/04/2021,Bovino fresca/refrigerada,2,131746316
01/05/2021,Bovino fresca/refrigerada,2,155753571
01/06/2021,Bovino fresca/refrigerada,2,205667553
01/07/2021,Bovino fresca/refrigerada,2,173127924
01/08/2021,Bovino fresca/refrigerada,2,157179666
01/09/2021,Bovino fresca/refrigerada,2,160939688
01/10/2021,Bovino fresca/refrigerada,2,164378246
01/11/2021,Bovino fresca/refrigerada,2,176300395
01/12/2021,Bovino fresca/refrigerada,2,160525300
01/01/2022,Bovino fresca/refrigerada,2,163935129
01/02/2022,Bovino fresca/refrigerada,2,167202732
01/03/2022,Bovino fresca/refrigerada,2,184872468
01/04/2022,Bovino fresca/refrigerada,2,157330824
01/05/2022,Bovino fresca/refrigerada,2,176962257
01/06/2022,Bovino fresca/refrigerada,2,148649980
01/07/2022,Bovino fresca/refrigerada,2,137458342
01/08/2022,Bovino fresca/refrigerada,2,145767116
01/09/2022,Bovino fresca/refrigerada,2,123682389
01/10/2022,Bovino fresca/refrigerada,2,126235843
01/11/2022,Bovino fresca/refrigerada,2,133340911
01/12/2022,Bovino fresca/refrigerada,2,126928013
01/01/2023,Bovino fresca/refrigerada,2,126124559
01/02/2023,Bovino fresca/refrigerada,2,119046572
01/03/2023,Bovino fresca/refrigerada,2,149846662
01/04/2023,Bovino fresca/refrigerada,2,133086615
01/05/2023,Bovino fresca/refrigerada,2,165104250
01/06/2023,Bovino fresca/refrigerada,2,166059380
01/07/2023,Bovino fresca/refrigerada,2,166419694
01/08/2023,Bovino fresca/refrigerada,2,155550028
01/09/2023,Bovino fresca/refrigerada,2,146110695
01/10/2023,Bovino fresca/refrigerada,2,143112988
01/11/2023,Bovino fresca/refrigerada,2,137177401
01/12/2023,Bovino fresca/refrigerada,2,117914057
01/01/2024,Bovino fresca/refrigerada,2,131976770
01/02/2024,Bovino fresca/refrigerada,2,132055715
01/03/2024,Bovino fresca/refrigerada,2,154558896
01/04/2024,Bovino fresca/refrigerada,2,155048989
01/05/2024,Bovino fresca/refrigerada,2,169780785
01/06/2024,Bovino fresca/refrigerada,2,147904172
01/07/2024,Bovino fresca/refrigerada,2,173680206
01/08/2024,Bovino fresca/refrigerada,2,157964189
01/09/2024,Bovino fresca/refrigerada,2,161737705
01/10/2024,Bovino fresca/refrigerada,2,160337094
01/11/2024,Bovino fresca/refrigerada,2,146789213
01/12/2024,Bovino fresca/refrigerada,2,156165379
01/01/2025,Bovino fresca/refrigerada,2,149632657
01/02/2025,Bovino fresca/refrigerada,2,152443364
01/03/2025,Bovino fresca/refrigerada,2,163088242
01/04/2025,Bovino fresca/refrigerada,2,156303412
01/05/2025,Bovino fresca/refrigerada,2,164788905
01/06/2025,Bovino fresca/refrigerada,2,165497473
01/07/2025,Bovino fresca/refrigerada,2,203194006
01/08/2025,Bovino fresca/refrigerada,2,198600037
01/09/2025,Bovino fresca/refrigerada,2,209774571
01/10/2025,Bovino fresca/refrigerada,2,231440657
01/11/2025,Bovino fresca/refrigerada,2,205749372
01/01/2006,Bovino fresca/refrigerada,1,76153307
01/02/2006,Bovino fresca/refrigerada,1,58501439
01/03/2006,Bovino fresca/refrigerada,1,71954018
01/04/2006,Bovino fresca/refrigerada,1,63106007
01/05/2006,Bovino fresca/refrigerada,1,79529402
01/06/2006,Bovino fresca/refrigerada,1,77054202
01/07/2006,Bovino fresca/refrigerada,1,78488046
01/08/2006,Bovino fresca/refrigerada,1,89037176
01/09/2006,Bovino fresca/refrigerada,1,77705557
01/10/2006,Bovino fresca/refrigerada,1,80611911
01/11/2006,Bovino fresca/refrigerada,1,82745883
01/12/2006,Bovino fresca/refrigerada,1,81582695
01/01/2007,Bovino fresca/refrigerada,1,74608533
01/02/2007,Bovino fresca/refrigerada,1,77512632
01/03/2007,Bovino fresca/refrigerada,1,80099517
01/04/2007,Bovino fresca/refrigerada,1,87568275
01/05/2007,Bovino fresca/refrigerada,1,87692133
01/06/2007,Bovino fresca/refrigerada,1,84224424
01/07/2007,Bovino fresca/refrigerada,1,93368839
01/08/2007,Bovino fresca/refrigerada,1,96899735
01/09/2007,Bovino fresca/refrigerada,1,77777279
01/11/2007,Bovino fresca/refrigerada,1,79485031
01/12/2007,Bovino fresca/refrigerada,1,73699048
01/01/2008,Bovino fresca/refrigerada,1,82019991
01/02/2008,Bovino fresca/refrigerada,1,86452707
01/03/2008,Bovino fresca/refrigerada,1,98462385
01/04/2008,Bovino fresca/refrigerada,1,95915912
01/05/2008,Bovino fresca/refrigerada,1,96095206
01/06/2008,Bovino fresca/refrigerada,1,98659156
01/07/2008,Bovino fresca/refrigerada,1,115764544
01/08/2008,Bovino fresca/refrigerada,1,120232598
01/09/2008,Bovino fresca/refrigerada,1,103464692
01/10/2008,Bovino fresca/refrigerada,1,71474455
01/11/2008,Bovino fresca/refrigerada,1,58198240
01/12/2008,Bovino fresca/refrigerada,1,76995180
01/01/2009,Bovino fresca/refrigerada,1,67429486
01/02/2009,Bovino fresca/refrigerada,1,69714934
01/03/2009,Bovino fresca/refrigerada,1,57958537
01/04/2009,Bovino fresca/refrigerada,1,57247563
01/05/2009,Bovino fresca/refrigerada,1,63800967
01/06/2009,Bovino fresca/refrigerada,1,73919648
01/07/2009,Bovino fresca/refrigerada,1,65077434
01/08/2009,Bovino fresca/refrigerada,1,66328717
01/09/2009,Bovino fresca/refrigerada,1,75216856
01/10/2009,Bovino fresca/refrigerada,1,66197835
01/11/2009,Bovino fresca/refrigerada,1,59023668
01/12/2009,Bovino fresca/refrigerada,1,71633435
01/01/2010,Bovino fresca/refrigerada,1,65594440
01/02/2010,Bovino fresca/refrigerada,1,61758818
01/03/2010,Bovino fresca/refrigerada,1,68945920
01/04/2010,Bovino fresca/refrigerada,1,67439284
01/05/2010,Bovino fresca/refrigerada,1,75875128
01/06/2010,Bovino fresca/refrigerada,1,69034699
01/07/2010,Bovino fresca/refrigerada,1,69264997
01/08/2010,Bovino fresca/refrigerada,1,71812249
01/09/2010,Bovino fresca/refrigerada,1,59960854
01/10/2010,Bovino fresca/refrigerada,1,66234607
01/11/2010,Bovino fresca/refrigerada,1,78098059
01/12/2010,Bovino fresca/refrigerada,1,78898209
01/01/2011,Bovino fresca/refrigerada,1,67943782
01/02/2011,Bovino fresca/refrigerada,1,70911767
01/03/2011,Bovino fresca/refrigerada,1,79034404
01/04/2011,Bovino fresca/refrigerada,1,69701853
01/05/2011,Bovino fresca/refrigerada,1,70375242
01/06/2011,Bovino fresca/refrigerada,1,73925603
01/07/2011,Bovino fresca/refrigerada,1,70192661
01/08/2011,Bovino fresca/refrigerada,1,89056948
01/09/2011,Bovino fresca/refrigerada,1,77391283
01/10/2011,Bovino fresca/refrigerada,1,78108010
01/11/2011,Bovino fresca/refrigerada,1,73045412
01/12/2011,Bovino fresca/refrigerada,1,63683444
01/01/2012,Bovino fresca/refrigerada,1,72101195
01/02/2012,Bovino fresca/refrigerada,1,69518638
01/03/2012,Bovino fresca/refrigerada,1,71400675
01/04/2012,Bovino fresca/refrigerada,1,65070769
01/05/2012,Bovino fresca/refrigerada,1,65899239
01/06/2012,Bovino fresca/refrigerada,1,60231288
01/07/2012,Bovino fresca/refrigerada,1,64309822
01/08/2012,Bovino fresca/refrigerada,1,68542505
01/09/2012,Bovino fresca/refrigerada,1,57913219
01/10/2012,Bovino fresca/refrigerada,1,65697238
01/11/2012,Bovino fresca/refrigerada,1,61742539
01/12/2012,Bovino fresca/refrigerada,1,61050554
01/01/2013,Bovino fresca/refrigerada,1,73470385
01/02/2013,Bovino fresca/refrigerada,1,64707283
01/03/2013,Bovino fresca/refrigerada,1,58112070
01/04/2013,Bovino fresca/refrigerada,1,73661684
01/05/2013,Bovino fresca/refrigerada,1,69088180
01/06/2013,Bovino fresca/refrigerada,1,65954859
01/07/2013,Bovino fresca/refrigerada,1,69700614
01/08/2013,Bovino fresca/refrigerada,1,78232828
01/09/2013,Bovino fresca/refrigerada,1,69527054
01/10/2013,Bovino fresca/refrigerada,1,70062023
01/11/2013,Bovino fresca/refrigerada,1,65717045
01/12/2013,Bovino fresca/refrigerada,1,84019257
01/01/2014,Bovino fresca/refrigerada,1,80530327
01/02/2014,Bovino fresca/refrigerada,1,75633919
01/03/2014,Bovino fresca/refrigerada,1,75674295
01/04/2014,Bovino fresca/refrigerada,1,68991948
01/05/2014,Bovino fresca/refrigerada,1,74363755
01/06/2014,Bovino fresca/refrigerada,1,69178272
01/07/2014,Bovino fresca/refrigerada,1,72575524
01/08/2014,Bovino fresca/refrigerada,1,81537286
01/09/2014,Bovino fresca/refrigerada,1,93242858
01/10/2014,Bovino fresca/refrigerada,1,72598493
01/11/2014,Bovino fresca/refrigerada,1,63674871
01/12/2014,Bovino fresca/refrigerada,1,84365798
01/01/2015,Bovino fresca/refrigerada,1,78254104
01/02/2015,Bovino fresca/refrigerada,1,72919182
01/03/2015,Bovino fresca/refrigerada,1,64768276
01/04/2015,Bovino fresca/refrigerada,1,57476780
01/05/2015,Bovino fresca/refrigerada,1,67640465
01/06/2015,Bovino fresca/refrigerada,1,70982207
01/07/2015,Bovino fresca/refrigerada,1,71975821
01/08/2015,Bovino fresca/refrigerada,1,67063311
01/09/2015,Bovino fresca/refrigerada,1,72154970
01/10/2015,Bovino fresca/refrigerada,1,75940547
01/11/2015,Bovino fresca/refrigerada,1,56810365
01/12/2015,Bovino fresca/refrigerada,1,63044974
01/01/2016,Bovino fresca/refrigerada,1,46619417
01/02/2016,Bovino fresca/refrigerada,1,51173648
01/03/2016,Bovino fresca/refrigerada,1,56677535
01/04/2016,Bovino fresca/refrigerada,1,66713354
01/05/2016,Bovino fresca/refrigerada,1,65430107
01/06/2016,Bovino fresca/refrigerada,1,49613730
01/07/2016,Bovino fresca/refrigerada,1,55078327
01/08/2016,Bovino fresca/refrigerada,1,68772459
01/09/2016,Bovino fresca/refrigerada,1,60775624
01/10/2016,Bovino fresca/refrigerada,1,56555521
01/11/2016,Bovino fresca/refrigerada,1,52697585
01/12/2016,Bovino fresca/refrigerada,1,55843076
01/01/2017,Bovino fresca/refrigerada,1,55508442
01/02/2017,Bovino fresca/refrigerada,1,54878674
01/03/2017,Bovino fresca/refrigerada,1,58488120
01/04/2017,Bovino fresca/refrigerada,1,54586659
01/05/2017,Bovino fresca/refrigerada,1,61861487
01/06/2017,Bovino fresca/refrigerada,1,61842878
01/07/2017,Bovino fresca/refrigerada,1,62403722
01/08/2017,Bovino fresca/refrigerada,1,74720989
01/09/2017,Bovino fresca/refrigerada,1,67402297
01/10/2017,Bovino fresca/refrigerada,1,62847820
01/11/2017,Bovino fresca/refrigerada,1,59009547
01/12/2017,Bovino fresca/refrigerada,1,62328190
01/01/2018,Bovino fresca/refrigerada,1,67080413
01/02/2018,Bovino fresca/refrigerada,1,67868653
01/03/2018,Bovino fresca/refrigerada,1,58918585
01/04/2018,Bovino fresca/refrigerada,1,74887262
01/05/2018,Bovino fresca/refrigerada,1,64695005
01/06/2018,Bovino fresca/refrigerada,1,59219949
01/07/2018,Bovino fresca/refrigerada,1,67333550
01/08/2018,Bovino fresca/refrigerada,1,73153808
01/09/2018,Bovino fresca/refrigerada,1,63649093
01/10/2018,Bovino fresca/refrigerada,1,72359538
01/11/2018,Bovino fresca/refrigerada,1,65638652
01/12/2018,Bovino fresca/refrigerada,1,64118340
01/01/2019,Bovino fresca/refrigerada,1,77900250
01/02/2019,Bovino fresca/refrigerada,1,73514614
01/03/2019,Bovino fresca/refrigerada,1,60435079
01/04/2019,Bovino fresca/refrigerada,1,67930360
01/05/2019,Bovino fresca/refrigerada,1,61948302
01/06/2019,Bovino fresca/refrigerada,1,55485813
01/07/2019,Bovino fresca/refrigerada,1,70066564
01/08/2019,Bovino fresca/refrigerada,1,68244988
01/09/2019,Bovino fresca/refrigerada,1,63851064
01/10/2019,Bovino fresca/refrigerada,1,73091230
01/11/2019,Bovino fresca/refrigerada,1,62435288
01/12/2019,Bovino fresca/refrigerada,1,70276670
01/01/2020,Bovino fresca/refrigerada,1,88936537
01/02/2020,Bovino fresca/refrigerada,1,82938117
01/03/2020,Bovino fresca/refrigerada,1,57698002
01/04/2020,Bovino fresca/refrigerada,1,26754766
01/05/2020,Bovino fresca/refrigerada,1,12586612
01/06/2020,Bovino fresca/refrigerada,1,28579816
01/07/2020,Bovino fresca/refrigerada,1,36258850
01/08/2020,Bovino fresca/refrigerada,1,36681085
01/09/2020,Bovino fresca/refrigerada,1,42532660
01/10/2020,Bovino fresca/refrigerada,1,59953679
01/11/2020,Bovino fresca/refrigerada,1,81976618
01/12/2020,Bovino fresca/refrigerada,1,112645228
01/01/2021,Bovino fresca/refrigerada,1,77573970
01/02/2021,Bovino fresca/refrigerada,1,63839355
01/03/2021,Bovino fresca/refrigerada,1,68405609
01/04/2021,Bovino fresca/refrigerada,1,60802116
01/05/2021,Bovino fresca/refrigerada,1,63783544
01/06/2021,Bovino fresca/refrigerada,1,74473445
01/07/2021,Bovino fresca/refrigerada,1,87565244
01/08/2021,Bovino fresca/refrigerada,1,102190197
01/09/2021,Bovino fresca/refrigerada,1,79658569
01/10/2021,Bovino fresca/refrigerada,1,80727978
01/11/2021,Bovino fresca/refrigerada,1,85763533
01/12/2021,Bovino fresca/refrigerada,1,79325124
01/01/2022,Bovino fresca/refrigerada,1,72089946
01/02/2022,Bovino fresca/refrigerada,1,88981100
01/03/2022,Bovino fresca/refrigerada,1,71081243
01/04/2022,Bovino fresca/refrigerada,1,59865981
01/05/2022,Bovino fresca/refrigerada,1,72284683
01/06/2022,Bovino fresca/refrigerada,1,62329020
01/07/2022,Bovino fresca/refrigerada,1,57158976
01/08/2022,Bovino fresca/refrigerada,1,74032296
01/09/2022,Bovino fresca/refrigerada,1,71772127
01/10/2022,Bovino fresca/refrigerada,1,70059074
01/11/2022,Bovino fresca/refrigerada,1,77789949
01/12/2022,Bovino fresca/refrigerada,1,76263780
01/01/2023,Bovino fresca/refrigerada,1,83911132
01/02/2023,Bovino fresca/refrigerada,1,88828106
01/03/2023,Bovino fresca/refrigerada,1,91161803
01/04/2023,Bovino fresca/refrigerada,1,76618333
01/05/2023,Bovino fresca/refrigerada,1,85516539
01/06/2023,Bovino fresca/refrigerada,1,83458080
01/07/2023,Bovino fresca/refrigerada,1,99575542
01/08/2023,Bovino fresca/refrigerada,1,116963380
01/09/2023,Bovino fresca/refrigerada,1,91820678
01/10/2023,Bovino fresca/refrigerada,1,94741127
01/11/2023,Bovino fresca/refrigerada,1,100137445
01/12/2023,Bovino fresca/refrigerada,1,101009325
01/01/2024,Bovino fresca/refrigerada,1,125163155
01/02/2024,Bovino fresca/refrigerada,1,135160945
01/03/2024,Bovino fresca/refrigerada,1,107607741
01/04/2024,Bovino fresca/refrigerada,1,118650129
01/05/2024,Bovino fresca/refrigerada,1,103905374
01/06/2024,Bovino fresca/refrigerada,1,91996223
01/07/2024,Bovino fresca/refrigerada,1,113840961
01/08/2024,Bovino fresca/refrigerada,1,108085292
01/09/2024,Bovino fresca/refrigerada,1,99990036
01/10/2024,Bovino fresca/refrigerada,1,110209292
01/11/2024,Bovino fresca/refrigerada,1,102701041
01/12/2024,Bovino fresca/refrigerada,1,108721421
01/01/2025,Bovino fresca/refrigerada,1,105775505
01/02/2025,Bovino fresca/refrigerada,1,112163482
01/03/2025,Bovino fresca/refrigerada,1,116230118
01/04/2025,Bovino fresca/refrigerada,1,118040633
01/05/2025,Bovino fresca/refrigerada,1,113027086
01/06/2025,Bovino fresca/refrigerada,1,116381955
01/07/2025,Bovino fresca/refrigerada,1,140275979
01/08/2025,Bovino fresca/refrigerada,1,121464388
01/09/2025,Bovino fresca/refrigerada,1,136866894
01/10/2025,Bovino fresca/refrigerada,1,126776381
01/11/2025,Bovino fresca/refrigerada,1,109798883
01/01/2006,Porcino,1,48069051
01/02/2006,Porcino,1,40209721
01/03/2006,Porcino,1,40891361
01/04/2006,Porcino,1,30298664
01/05/2006,Porcino,1,44195616
01/06/2006,Porcino,1,42610811
01/07/2006,Porcino,1,41329663
01/08/2006,Porcino,1,44998541
01/09/2006,Porcino,1,48026082
01/10/2006,Porcino,1,47339477
01/11/2006,Porcino,1,48475349
01/12/2006,Porcino,1,49627959
01/01/2007,Porcino,1,41292173
01/02/2007,Porcino,1,38169800
01/03/2007,Porcino,1,38687783
01/04/2007,Porcino,1,33825520
01/05/2007,Porcino,1,37452957
01/06/2007,Porcino,1,38644552
01/07/2007,Porcino,1,43453153
01/08/2007,Porcino,1,45415405
01/09/2007,Porcino,1,40616710
01/11/2007,Porcino,1,45498821
01/12/2007,Porcino,1,51218459
01/01/2008,Porcino,1,47912501
01/02/2008,Porcino,1,45186520
01/03/2008,Porcino,1,34939759
01/04/2008,Porcino,1,45361135
01/05/2008,Porcino,1,50076295
01/06/2008,Porcino,1,67867710
01/07/2008,Porcino,1,76924977
01/08/2008,Porcino,1,66311106
01/09/2008,Porcino,1,49986449
01/10/2008,Porcino,1,51036805
01/11/2008,Porcino,1,44515203
01/12/2008,Porcino,1,62290759
01/01/2009,Porcino,1,64203992
01/02/2009,Porcino,1,53859787
01/03/2009,Porcino,1,56130811
01/04/2009,Porcino,1,52792083
01/05/2009,Porcino,1,38806811
01/06/2009,Porcino,1,44868506
01/07/2009,Porcino,1,53379034
01/08/2009,Porcino,1,57936785
01/09/2009,Porcino,1,59045044
01/10/2009,Porcino,1,53210668
01/11/2009,Porcino,1,62561378
01/12/2009,Porcino,1,93756169
01/01/2010,Porcino,1,81508400
01/02/2010,Porcino,1,70668389
01/03/2010,Porcino,1,74896279
01/04/2010,Porcino,1,67478575
01/05/2010,Porcino,1,68171090
01/06/2010,Porcino,1,75830058
01/07/2010,Porcino,1,80863308
01/08/2010,Porcino,1,84146272
01/09/2010,Porcino,1,75520536
01/10/2010,Porcino,1,80725848
01/11/2010,Porcino,1,95185866
01/12/2010,Porcino,1,97343585
01/01/2011,Porcino,1,78794449
01/02/2011,Porcino,1,67222442
01/03/2011,Porcino,1,72355940
01/04/2011,Porcino,1,53333403
01/05/2011,Porcino,1,73462703
01/06/2011,Porcino,1,66045374
01/07/2011,Porcino,1,65986515
01/08/2011,Porcino,1,79525775
01/09/2011,Porcino,1,73086605
01/10/2011,Porcino,1,72586478
01/11/2011,Porcino,1,78717502
01/12/2011,Porcino,1,98911255
01/01/2012,Porcino,1,90750756
01/02/2012,Porcino,1,80125585
01/03/2012,Porcino,1,76157063
01/04/2012,Porcino,1,64005150
01/05/2012,Porcino,1,71322936
01/06/2012,Porcino,1,61638637
01/07/2012,Porcino,1,73607576
01/08/2012,Porcino,1,86408128
01/09/2012,Porcino,1,77338097
01/10/2012,Porcino,1,100110008
01/11/2012,Porcino,1,98896145
01/12/2012,Porcino,1,105645397
01/01/2013,Porcino,1,96663439
01/02/2013,Porcino,1,77194382
01/03/2013,Porcino,1,63014268
01/04/2013,Porcino,1,90257781
01/05/2013,Porcino,1,92140500
01/06/2013,Porcino,1,77353857
01/07/2013,Porcino,1,111639007
01/08/2013,Porcino,1,96178241
01/09/2013,Porcino,1,97035317
01/10/2013,Porcino,1,103282429
01/11/2013,Porcino,1,118603874
01/12/2013,Porcino,1,131921143
01/01/2014,Porcino,1,107880663
01/02/2014,Porcino,1,107583712
01/03/2014,Porcino,1,117817305
01/04/2014,Porcino,1,125704217
01/05/2014,Porcino,1,137150547
01/06/2014,Porcino,1,139390814
01/07/2014,Porcino,1,136855651
01/08/2014,Porcino,1,133882231
01/09/2014,Porcino,1,137782626
01/10/2014,Porcino,1,141416391
01/11/2014,Porcino,1,117132116
01/12/2014,Porcino,1,131826064
01/01/2015,Porcino,1,107094623
01/02/2015,Porcino,1,95462309
01/03/2015,Porcino,1,91702557
01/04/2015,Porcino,1,82345700
01/05/2015,Porcino,1,88677144
01/06/2015,Porcino,1,104074117
01/07/2015,Porcino,1,92788618
01/08/2015,Porcino,1,103542825
01/09/2015,Porcino,1,92849985
01/10/2015,Porcino,1,104779654
01/11/2015,Porcino,1,104458301
01/12/2015,Porcino,1,128410985
01/01/2016,Porcino,1,87736914
01/02/2016,Porcino,1,85228178
01/03/2016,Porcino,1,77032380
01/04/2016,Porcino,1,92881545
01/05/2016,Porcino,1,106142222
01/06/2016,Porcino,1,99233399
01/07/2016,Porcino,1,111681645
01/08/2016,Porcino,1,117567018
01/09/2016,Porcino,1,119364860
01/10/2016,Porcino,1,96841334
01/11/2016,Porcino,1,127412464
01/12/2016,Porcino,1,148506007
01/01/2017,Porcino,1,111575921
01/02/2017,Porcino,1,100890030
01/03/2017,Porcino,1,104751900
01/04/2017,Porcino,1,86097011
01/05/2017,Porcino,1,117158054
01/06/2017,Porcino,1,112403384
01/07/2017,Porcino,1,123185587
01/08/2017,Porcino,1,117988393
01/09/2017,Porcino,1,114515925
01/10/2017,Porcino,1,121483370
01/11/2017,Porcino,1,126670645
01/12/2017,Porcino,1,130241695
01/01/2018,Porcino,1,121069126
01/02/2018,Porcino,1,106526362
01/03/2018,Porcino,1,106169538
01/04/2018,Porcino,1,124914465
01/05/2018,Porcino,1,112851805
01/06/2018,Porcino,1,116443937
01/07/2018,Porcino,1,103196222
01/08/2018,Porcino,1,124516170
01/09/2018,Porcino,1,102361214
01/10/2018,Porcino,1,119505341
01/11/2018,Porcino,1,107640634
01/12/2018,Porcino,1,108996477
01/01/2019,Porcino,1,100327992
01/02/2019,Porcino,1,78438890
01/03/2019,Porcino,1,89175217
01/04/2019,Porcino,1,94638752
01/05/2019,Porcino,1,112479684
01/06/2019,Porcino,1,143851245
01/07/2019,Porcino,1,154205475
01/08/2019,Porcino,1,151916832
01/09/2019,Porcino,1,123541453
01/10/2019,Porcino,1,126592958
01/11/2019,Porcino,1,157476895
01/12/2019,Porcino,1,168859620
01/01/2020,Porcino,1,158435134
01/02/2020,Porcino,1,128181078
01/03/2020,Porcino,1,122251422
01/04/2020,Porcino,1,66107248
01/05/2020,Porcino,1,62845418
01/06/2020,Porcino,1,76654673
01/07/2020,Porcino,1,91446520
01/08/2020,Porcino,1,89506660
01/09/2020,Porcino,1,100812785
01/10/2020,Porcino,1,118687555
01/11/2020,Porcino,1,147892947
01/12/2020,Porcino,1,164234050
01/01/2021,Porcino,1,127331388
01/02/2021,Porcino,1,116510162
01/03/2021,Porcino,1,144945523
01/04/2021,Porcino,1,173864869
01/05/2021,Porcino,1,185578713
01/06/2021,Porcino,1,191509145
01/07/2021,Porcino,1,184053431
01/08/2021,Porcino,1,184133694
01/09/2021,Porcino,1,156162225
01/10/2021,Porcino,1,160957180
01/11/2021,Porcino,1,177552622
01/12/2021,Porcino,1,167745019
01/01/2022,Porcino,1,152553590
01/02/2022,Porcino,1,131222730
01/03/2022,Porcino,1,176106891
01/04/2022,Porcino,1,162591939
01/05/2022,Porcino,1,213962990
01/06/2022,Porcino,1,214400856
01/07/2022,Porcino,1,229705498
01/08/2022,Porcino,1,250146429
01/09/2022,Porcino,1,235029971
01/10/2022,Porcino,1,268126711
01/11/2022,Porcino,1,284087719
01/12/2022,Porcino,1,247859474
01/01/2023,Porcino,1,225231329
01/02/2023,Porcino,1,181464619
01/03/2023,Porcino,1,222852649
01/04/2023,Porcino,1,154357107
01/05/2023,Porcino,1,226114803
01/06/2023,Porcino,1,211597097
01/07/2023,Porcino,1,228994222
01/08/2023,Porcino,1,239539296
01/09/2023,Porcino,1,226144001
01/10/2023,Porcino,1,242966709
01/11/2023,Porcino,1,239581403
01/12/2023,Porcino,1,272716119
01/01/2024,Porcino,1,228153696
01/02/2024,Porcino,1,208439726
01/03/2024,Porcino,1,202482202
01/04/2024,Porcino,1,271706681
01/05/2024,Porcino,1,242695140
01/06/2024,Porcino,1,234513211
01/07/2024,Porcino,1,316912520
01/08/2024,Porcino,1,306860063
01/09/2024,Porcino,1,251312796
01/10/2024,Porcino,1,270425751
01/11/2024,Porcino,1,296922580
01/12/2024,Porcino,1,330549426
01/01/2025,Porcino,1,272384285
01/02/2025,Porcino,1,247764332
01/03/2025,Porcino,1,275362279
01/04/2025,Porcino,1,254431249
01/05/2025,Porcino,1,283672431
01/06/2025,Porcino,1,342099582
01/07/2025,Porcino,1,313193844
01/08/2025,Porcino,1,328971390
01/09/2025,Porcino,1,340207290
01/10/2025,Porcino,1,358671631
01/11/2025,Porcino,1,311783214
01/01/2006,Porcino,2,15632166
01/02/2006,Porcino,2,15105805
01/03/2006,Porcino,2,15699361
01/04/2006,Porcino,2,15258867
01/05/2006,Porcino,2,16223075
01/06/2006,Porcino,2,16236085
01/07/2006,Porcino,2,14998821
01/08/2006,Porcino,2,15350334
01/09/2006,Porcino,2,16431074
01/10/2006,Porcino,2,18564065
01/11/2006,Porcino,2,17238871
01/12/2006,Porcino,2,17237114
01/01/2007,Porcino,2,18831016
01/02/2007,Porcino,2,16670240
01/03/2007,Porcino,2,19006159
01/04/2007,Porcino,2,17827193
01/05/2007,Porcino,2,20256425
01/06/2007,Porcino,2,19883303
01/07/2007,Porcino,2,20824558
01/08/2007,Porcino,2,20750401
01/09/2007,Porcino,2,18210084
01/11/2007,Porcino,2,20323461
01/12/2007,Porcino,2,21366803
01/01/2008,Porcino,2,17562924
01/02/2008,Porcino,2,22416140
01/03/2008,Porcino,2,19466305
01/04/2008,Porcino,2,21959196
01/05/2008,Porcino,2,23679095
01/06/2008,Porcino,2,24081530
01/07/2008,Porcino,2,26697198
01/08/2008,Porcino,2,39058592
01/09/2008,Porcino,2,45172020
01/10/2008,Porcino,2,27582322
01/11/2008,Porcino,2,26736354
01/12/2008,Porcino,2,30797533
01/01/2009,Porcino,2,23645021
01/02/2009,Porcino,2,20606896
01/03/2009,Porcino,2,22739503
01/04/2009,Porcino,2,19490703
01/05/2009,Porcino,2,19239691
01/06/2009,Porcino,2,17968087
01/07/2009,Porcino,2,16527115
01/08/2009,Porcino,2,16598367
01/09/2009,Porcino,2,16257094
01/10/2009,Porcino,2,18046977
01/11/2009,Porcino,2,19375987
01/12/2009,Porcino,2,21799312
01/01/2010,Porcino,2,17148900
01/02/2010,Porcino,2,19831111
01/03/2010,Porcino,2,24411375
01/04/2010,Porcino,2,19494899
01/05/2010,Porcino,2,25779563
01/06/2010,Porcino,2,23390659
01/07/2010,Porcino,2,23814903
01/08/2010,Porcino,2,23443823
01/09/2010,Porcino,2,20385473
01/10/2010,Porcino,2,24306217
01/11/2010,Porcino,2,25628027
01/12/2010,Porcino,2,23627777
01/01/2011,Porcino,2,19450728
01/02/2011,Porcino,2,23033668
01/03/2011,Porcino,2,22067984
01/04/2011,Porcino,2,24797769
01/05/2011,Porcino,2,27100489
01/06/2011,Porcino,2,29479908
01/07/2011,Porcino,2,24986708
01/08/2011,Porcino,2,31901871
01/09/2011,Porcino,2,27560501
01/10/2011,Porcino,2,29497303
01/11/2011,Porcino,2,30846156
01/12/2011,Porcino,2,32353516
01/01/2012,Porcino,2,27800691
01/02/2012,Porcino,2,28322807
01/03/2012,Porcino,2,27113774
01/04/2012,Porcino,2,26960446
01/05/2012,Porcino,2,31893781
01/06/2012,Porcino,2,28907617
01/07/2012,Porcino,2,28021764
01/08/2012,Porcino,2,34377663
01/09/2012,Porcino,2,41014642
01/10/2012,Porcino,2,33451666
01/11/2012,Porcino,2,36808209
01/12/2012,Porcino,2,36750537
01/01/2013,Porcino,2,24585598
01/02/2013,Porcino,2,40576499
01/03/2013,Porcino,2,33094979
01/04/2013,Porcino,2,33751663
01/05/2013,Porcino,2,35422354
01/06/2013,Porcino,2,32496890
01/07/2013,Porcino,2,35554252
01/08/2013,Porcino,2,47642566
01/09/2013,Porcino,2,35445665
01/10/2013,Porcino,2,39386095
01/11/2013,Porcino,2,45437738
01/12/2013,Porcino,2,41240050
01/01/2014,Porcino,2,35033880
01/02/2014,Porcino,2,31197297
01/03/2014,Porcino,2,31742430
01/04/2014,Porcino,2,38719364
01/05/2014,Porcino,2,40577906
01/06/2014,Porcino,2,41833122
01/07/2014,Porcino,2,40650674
01/08/2014,Porcino,2,29241347
01/09/2014,Porcino,2,32094395
01/10/2014,Porcino,2,37428262
01/11/2014,Porcino,2,34024559
01/12/2014,Porcino,2,36496168
01/01/2015,Porcino,2,27350452
01/02/2015,Porcino,2,31636950
01/03/2015,Porcino,2,37447729
01/04/2015,Porcino,2,30349388
01/05/2015,Porcino,2,35399687
01/06/2015,Porcino,2,30088024
01/07/2015,Porcino,2,34515863
01/08/2015,Porcino,2,28880073
01/09/2015,Porcino,2,31107655
01/10/2015,Porcino,2,36296956
01/11/2015,Porcino,2,33943106
01/12/2015,Porcino,2,37563465
01/01/2016,Porcino,2,25715487
01/02/2016,Porcino,2,31618768
01/03/2016,Porcino,2,34146014
01/04/2016,Porcino,2,30303697
01/05/2016,Porcino,2,38107746
01/06/2016,Porcino,2,37160862
01/07/2016,Porcino,2,34766409
01/08/2016,Porcino,2,37506845
01/09/2016,Porcino,2,38631187
01/10/2016,Porcino,2,42253259
01/11/2016,Porcino,2,40245747
01/12/2016,Porcino,2,41587354
01/01/2017,Porcino,2,36518540
01/02/2017,Porcino,2,37821579
01/03/2017,Porcino,2,44061871
01/04/2017,Porcino,2,38053915
01/05/2017,Porcino,2,46398945
01/06/2017,Porcino,2,39812450
01/07/2017,Porcino,2,47644793
01/08/2017,Porcino,2,41652257
01/09/2017,Porcino,2,41696916
01/10/2017,Porcino,2,50172057
01/11/2017,Porcino,2,42398958
01/12/2017,Porcino,2,61372530
01/01/2018,Porcino,2,40383827
01/02/2018,Porcino,2,39627157
01/03/2018,Porcino,2,41928315
01/04/2018,Porcino,2,39928039
01/05/2018,Porcino,2,47502279
01/06/2018,Porcino,2,39159250
01/07/2018,Porcino,2,48775087
01/08/2018,Porcino,2,44232917
01/09/2018,Porcino,2,47966277
01/10/2018,Porcino,2,49578332
01/11/2018,Porcino,2,50236486
01/12/2018,Porcino,2,47144580
01/01/2019,Porcino,2,46283391
01/02/2019,Porcino,2,44046852
01/03/2019,Porcino,2,47678406
01/04/2019,Porcino,2,48791474
01/05/2019,Porcino,2,57346503
01/06/2019,Porcino,2,55104188
01/07/2019,Porcino,2,60566986
01/08/2019,Porcino,2,55579439
01/09/2019,Porcino,2,57830627
01/10/2019,Porcino,2,71794550
01/11/2019,Porcino,2,70070686
01/12/2019,Porcino,2,90924077
01/01/2020,Porcino,2,61038378
01/02/2020,Porcino,2,68431663
01/03/2020,Porcino,2,78695042
01/04/2020,Porcino,2,84502884
01/05/2020,Porcino,2,64630080
01/06/2020,Porcino,2,71558798
01/07/2020,Porcino,2,72299012
01/08/2020,Porcino,2,77059813
01/09/2020,Porcino,2,76071972
01/10/2020,Porcino,2,89352513
01/11/2020,Porcino,2,80236972
01/12/2020,Porcino,2,92297622
01/01/2021,Porcino,2,68484712
01/02/2021,Porcino,2,79556556
01/03/2021,Porcino,2,101336135
01/04/2021,Porcino,2,79754849
01/05/2021,Porcino,2,81065760
01/06/2021,Porcino,2,80021713
01/07/2021,Porcino,2,70974515
01/08/2021,Porcino,2,76447524
01/09/2021,Porcino,2,73857513
01/10/2021,Porcino,2,75856032
01/11/2021,Porcino,2,79603528
01/12/2021,Porcino,2,81043363
01/01/2022,Porcino,2,64023826
01/02/2022,Porcino,2,67668293
01/03/2022,Porcino,2,84770460
01/04/2022,Porcino,2,68804357
01/05/2022,Porcino,2,87355953
01/06/2022,Porcino,2,74806138
01/07/2022,Porcino,2,78029265
01/08/2022,Porcino,2,70174115
01/09/2022,Porcino,2,70395986
01/10/2022,Porcino,2,66992862
01/11/2022,Porcino,2,67573311
01/12/2022,Porcino,2,69297361
01/01/2023,Porcino,2,59492719
01/02/2023,Porcino,2,59288033
01/03/2023,Porcino,2,63825821
01/04/2023,Porcino,2,58768946
01/05/2023,Porcino,2,71099842
01/06/2023,Porcino,2,71928877
01/07/2023,Porcino,2,69651936
01/08/2023,Porcino,2,68513992
01/09/2023,Porcino,2,60428430
01/10/2023,Porcino,2,68157546
01/11/2023,Porcino,2,60951614
01/12/2023,Porcino,2,60687515
01/01/2024,Porcino,2,61760321
01/02/2024,Porcino,2,65879956
01/03/2024,Porcino,2,66700235
01/04/2024,Porcino,2,64935506
01/05/2024,Porcino,2,71314082
01/06/2024,Porcino,2,62176051
01/07/2024,Porcino,2,69692416
01/08/2024,Porcino,2,56185625
01/09/2024,Porcino,2,58538208
01/10/2024,Porcino,2,56486153
01/11/2024,Porcino,2,58865011
01/12/2024,Porcino,2,65789997
01/01/2025,Porcino,2,52156824
01/02/2025,Porcino,2,51286226
01/03/2025,Porcino,2,56987443
01/04/2025,Porcino,2,58283474
01/05/2025,Porcino,2,58714436
01/06/2025,Porcino,2,55742299
01/07/2025,Porcino,2,60174543
01/08/2025,Porcino,2,55280090
01/09/2025,Porcino,2,54045244
01/10/2025,Porcino,2,58139600
01/11/2025,Porcino,2,59064696
01/01/2006,Bovino Congelado,1,3147073
01/02/2006,Bovino Congelado,1,3788162
01/03/2006,Bovino Congelado,1,3446007
01/04/2006,Bovino Congelado,1,2957344
01/05/2006,Bovino Congelado,1,2461452
01/06/2006,Bovino Congelado,1,2543817
01/07/2006,Bovino Congelado,1,1932027
01/08/2006,Bovino Congelado,1,2624025
01/09/2006,Bovino Congelado,1,2422000
01/10/2006,Bovino Congelado,1,3425517
01/11/2006,Bovino Congelado,1,4712708
01/12/2006,Bovino Congelado,1,3736291
01/01/2007,Bovino Congelado,1,3947959
01/02/2007,Bovino Congelado,1,3506898
01/03/2007,Bovino Congelado,1,3180467
01/04/2007,Bovino Congelado,1,3635240
01/05/2007,Bovino Congelado,1,3691706
01/06/2007,Bovino Congelado,1,3765784
01/07/2007,Bovino Congelado,1,7256198
01/08/2007,Bovino Congelado,1,5814809
01/09/2007,Bovino Congelado,1,3067701
01/11/2007,Bovino Congelado,1,3550384
01/12/2007,Bovino Congelado,1,3333936
01/01/2008,Bovino Congelado,1,4515674
01/02/2008,Bovino Congelado,1,5101513
01/03/2008,Bovino Congelado,1,4468436
01/04/2008,Bovino Congelado,1,2295180
01/05/2008,Bovino Congelado,1,2916408
01/06/2008,Bovino Congelado,1,3630153
01/07/2008,Bovino Congelado,1,3936712
01/08/2008,Bovino Congelado,1,2960614
01/09/2008,Bovino Congelado,1,2629037
01/10/2008,Bovino Congelado,1,3253977
01/11/2008,Bovino Congelado,1,2572458
01/12/2008,Bovino Congelado,1,5370018
01/01/2009,Bovino Congelado,1,4650735
01/02/2009,Bovino Congelado,1,2643343
01/03/2009,Bovino Congelado,1,2115473
01/04/2009,Bovino Congelado,1,2243479
01/05/2009,Bovino Congelado,1,1588136
01/06/2009,Bovino Congelado,1,1592288
01/07/2009,Bovino Congelado,1,2045779
01/08/2009,Bovino Congelado,1,1985763
01/09/2009,Bovino Congelado,1,2396203
01/10/2009,Bovino Congelado,1,2192329
01/11/2009,Bovino Congelado,1,3855782
01/12/2009,Bovino Congelado,1,3269241
01/01/2010,Bovino Congelado,1,1863530
01/02/2010,Bovino Congelado,1,2677316
01/03/2010,Bovino Congelado,1,1844825
01/04/2010,Bovino Congelado,1,1955056
01/05/2010,Bovino Congelado,1,2200118
01/06/2010,Bovino Congelado,1,2174246
01/07/2010,Bovino Congelado,1,2383053
01/08/2010,Bovino Congelado,1,1647854
01/09/2010,Bovino Congelado,1,1726349
01/10/2010,Bovino Congelado,1,1717860
01/11/2010,Bovino Congelado,1,1703014
01/12/2010,Bovino Congelado,1,2052970
01/01/2011,Bovino Congelado,1,1492839
01/02/2011,Bovino Congelado,1,1258597
01/03/2011,Bovino Congelado,1,1633429
01/04/2011,Bovino Congelado,1,1851226
01/05/2011,Bovino Congelado,1,2672093
01/06/2011,Bovino Congelado,1,1927987
01/07/2011,Bovino Congelado,1,2537778
01/08/2011,Bovino Congelado,1,2744767
01/09/2011,Bovino Congelado,1,2446119
01/10/2011,Bovino Congelado,1,2764015
01/11/2011,Bovino Congelado,1,4135547
01/12/2011,Bovino Congelado,1,2553888
01/01/2012,Bovino Congelado,1,3195066
01/02/2012,Bovino Congelado,1,3489848
01/03/2012,Bovino Congelado,1,2491645
01/04/2012,Bovino Congelado,1,2365750
01/05/2012,Bovino Congelado,1,2350982
01/06/2012,Bovino Congelado,1,2255239
01/07/2012,Bovino Congelado,1,2388968
01/08/2012,Bovino Congelado,1,2384402
01/09/2012,Bovino Congelado,1,1919357
01/10/2012,Bovino Congelado,1,2092679
01/11/2012,Bovino Congelado,1,2048484
01/12/2012,Bovino Congelado,1,2217165
01/01/2013,Bovino Congelado,1,3442299
01/02/2013,Bovino Congelado,1,1740984
01/03/2013,Bovino Congelado,1,1919741
01/04/2013,Bovino Congelado,1,2151716
01/05/2013,Bovino Congelado,1,2263898
01/06/2013,Bovino Congelado,1,2300043
01/07/2013,Bovino Congelado,1,2627751
01/08/2013,Bovino Congelado,1,2142543
01/09/2013,Bovino Congelado,1,1945466
01/10/2013,Bovino Congelado,1,2318855
01/11/2013,Bovino Congelado,1,3659450
01/12/2013,Bovino Congelado,1,2891990
01/01/2014,Bovino Congelado,1,2090027
01/02/2014,Bovino Congelado,1,3552080
01/03/2014,Bovino Congelado,1,3802196
01/04/2014,Bovino Congelado,1,2104174
01/05/2014,Bovino Congelado,1,3107871
01/06/2014,Bovino Congelado,1,4078863
01/07/2014,Bovino Congelado,1,4687531
01/08/2014,Bovino Congelado,1,2885735
01/09/2014,Bovino Congelado,1,4913881
01/10/2014,Bovino Congelado,1,4697313
01/11/2014,Bovino Congelado,1,2518356
01/12/2014,Bovino Congelado,1,3311939
01/01/2015,Bovino Congelado,1,3388506
01/02/2015,Bovino Congelado,1,3626615
01/03/2015,Bovino Congelado,1,4919026
01/04/2015,Bovino Congelado,1,3338545
01/05/2015,Bovino Congelado,1,3584910
01/06/2015,Bovino Congelado,1,2266281
01/07/2015,Bovino Congelado,1,2773078
01/08/2015,Bovino Congelado,1,3642414
01/09/2015,Bovino Congelado,1,3478396
01/10/2015,Bovino Congelado,1,3832503
01/11/2015,Bovino Congelado,1,4429020
01/12/2015,Bovino Congelado,1,4168184
01/01/2016,Bovino Congelado,1,3630641
01/02/2016,Bovino Congelado,1,2527030
01/03/2016,Bovino Congelado,1,3654613
01/04/2016,Bovino Congelado,1,5075341
01/05/2016,Bovino Congelado,1,2803731
01/06/2016,Bovino Congelado,1,4850761
01/07/2016,Bovino Congelado,1,3249325
01/08/2016,Bovino Congelado,1,3684142
01/09/2016,Bovino Congelado,1,2963517
01/10/2016,Bovino Congelado,1,2812828
01/11/2016,Bovino Congelado,1,3303539
01/12/2016,Bovino Congelado,1,4344564
01/01/2017,Bovino Congelado,1,5050233
01/02/2017,Bovino Congelado,1,3332875
01/03/2017,Bovino Congelado,1,5491533
01/04/2017,Bovino Congelado,1,4480333
01/05/2017,Bovino Congelado,1,5616353
01/06/2017,Bovino Congelado,1,4249236
01/07/2017,Bovino Congelado,1,3204706
01/08/2017,Bovino Congelado,1,4445556
01/09/2017,Bovino Congelado,1,2525580
01/10/2017,Bovino Congelado,1,3538216
01/11/2017,Bovino Congelado,1,3551992
01/12/2017,Bovino Congelado,1,3820144
01/01/2018,Bovino Congelado,1,3825831
01/02/2018,Bovino Congelado,1,4283235
01/03/2018,Bovino Congelado,1,3542706
01/04/2018,Bovino Congelado,1,4124338
01/05/2018,Bovino Congelado,1,3952513
01/06/2018,Bovino Congelado,1,3117807
01/07/2018,Bovino Congelado,1,2959537
01/08/2018,Bovino Congelado,1,2752981
01/09/2018,Bovino Congelado,1,3148662
01/10/2018,Bovino Congelado,1,4032787
01/11/2018,Bovino Congelado,1,2970393
01/12/2018,Bovino Congelado,1,3321093
01/01/2019,Bovino Congelado,1,3394864
01/02/2019,Bovino Congelado,1,4366025
01/03/2019,Bovino Congelado,1,5101236
01/04/2019,Bovino Congelado,1,5050838
01/05/2019,Bovino Congelado,1,5166397
01/06/2019,Bovino Congelado,1,3854659
01/07/2019,Bovino Congelado,1,3496162
01/08/2019,Bovino Congelado,1,4192914
01/09/2019,Bovino Congelado,1,3460757
01/10/2019,Bovino Congelado,1,4303483
01/11/2019,Bovino Congelado,1,3138573
01/12/2019,Bovino Congelado,1,3334712
01/01/2020,Bovino Congelado,1,3238320
01/02/2020,Bovino Congelado,1,3180506
01/03/2020,Bovino Congelado,1,3559045
01/04/2020,Bovino Congelado,1,1716842
01/05/2020,Bovino Congelado,1,1199410
01/06/2020,Bovino Congelado,1,1362885
01/07/2020,Bovino Congelado,1,1788579
01/08/2020,Bovino Congelado,1,2271311
01/09/2020,Bovino Congelado,1,4517406
01/10/2020,Bovino Congelado,1,3063713
01/11/2020,Bovino Congelado,1,5476090
01/12/2020,Bovino Congelado,1,6694786
01/01/2021,Bovino Congelado,1,4454864
01/02/2021,Bovino Congelado,1,4073436
01/03/2021,Bovino Congelado,1,5508302
01/04/2021,Bovino Congelado,1,6892446
01/05/2021,Bovino Congelado,1,7361581
01/06/2021,Bovino Congelado,1,4733292
01/07/2021,Bovino Congelado,1,7617443
01/08/2021,Bovino Congelado,1,5665885
01/09/2021,Bovino Congelado,1,9903344
01/10/2021,Bovino Congelado,1,7112857
01/11/2021,Bovino Congelado,1,9243133
01/12/2021,Bovino Congelado,1,7122847
01/01/2022,Bovino Congelado,1,5474151
01/02/2022,Bovino Congelado,1,4421415
01/03/2022,Bovino Congelado,1,7586193
01/04/2022,Bovino Congelado,1,4809813
01/05/2022,Bovino Congelado,1,7664637
01/06/2022,Bovino Congelado,1,6184182
01/07/2022,Bovino Congelado,1,7847163
01/08/2022,Bovino Congelado,1,6703569
01/09/2022,Bovino Congelado,1,6763850
01/10/2022,Bovino Congelado,1,7208541
01/11/2022,Bovino Congelado,1,7301131
01/12/2022,Bovino Congelado,1,8815829
01/01/2023,Bovino Congelado,1,7914031
01/02/2023,Bovino Congelado,1,9527522
01/03/2023,Bovino Congelado,1,7705970
01/04/2023,Bovino Congelado,1,6828448
01/05/2023,Bovino Congelado,1,8191215
01/06/2023,Bovino Congelado,1,8150608
01/07/2023,Bovino Congelado,1,7719875
01/08/2023,Bovino Congelado,1,11955853
01/09/2023,Bovino Congelado,1,10538576
01/10/2023,Bovino Congelado,1,14911906
01/11/2023,Bovino Congelado,1,15419473
01/12/2023,Bovino Congelado,1,20885247
01/01/2024,Bovino Congelado,1,16665803
01/02/2024,Bovino Congelado,1,25720077
01/03/2024,Bovino Congelado,1,22367863
01/04/2024,Bovino Congelado,1,25157237
01/05/2024,Bovino Congelado,1,24771595
01/06/2024,Bovino Congelado,1,17509446
01/07/2024,Bovino Congelado,1,32150381
01/08/2024,Bovino Congelado,1,29703099
01/09/2024,Bovino Congelado,1,27869486
01/10/2024,Bovino Congelado,1,25570337
01/11/2024,Bovino Congelado,1,35373025
01/12/2024,Bovino Congelado,1,30155181
01/01/2025,Bovino Congelado,1,36252394
01/02/2025,Bovino Congelado,1,28136453
01/03/2025,Bovino Congelado,1,39738639
01/04/2025,Bovino Congelado,1,37936958
01/05/2025,Bovino Congelado,1,66708631
01/06/2025,Bovino Congelado,1,77106874
01/07/2025,Bovino Congelado,1,86130753
01/08/2025,Bovino Congelado,1,73390381
01/09/2025,Bovino Congelado,1,77488922
01/10/2025,Bovino Congelado,1,68495733
01/11/2025,Bovino Congelado,1,46364324
01/01/2006,Bovino Congelado,2,3899805
01/02/2006,Bovino Congelado,2,3406527
01/03/2006,Bovino Congelado,2,3571431
01/04/2006,Bovino Congelado,2,3720769
01/05/2006,Bovino Congelado,2,3170599
01/06/2006,Bovino Congelado,2,3137457
01/07/2006,Bovino Congelado,2,2573819
01/08/2006,Bovino Congelado,2,3944036
01/09/2006,Bovino Congelado,2,3228157
01/10/2006,Bovino Congelado,2,5225297
01/11/2006,Bovino Congelado,2,3993721
01/12/2006,Bovino Congelado,2,4283870
01/01/2007,Bovino Congelado,2,4626731
01/02/2007,Bovino Congelado,2,4500593
01/03/2007,Bovino Congelado,2,4874974
01/04/2007,Bovino Congelado,2,5404321
01/05/2007,Bovino Congelado,2,4999223
01/06/2007,Bovino Congelado,2,4386142
01/07/2007,Bovino Congelado,2,5119277
01/08/2007,Bovino Congelado,2,3198958
01/09/2007,Bovino Congelado,2,2842343
01/11/2007,Bovino Congelado,2,3563094
01/12/2007,Bovino Congelado,2,5030957
01/01/2008,Bovino Congelado,2,4005046
01/02/2008,Bovino Congelado,2,4210077
01/03/2008,Bovino Congelado,2,4547178
01/04/2008,Bovino Congelado,2,5947500
01/05/2008,Bovino Congelado,2,4629771
01/06/2008,Bovino Congelado,2,5107667
01/07/2008,Bovino Congelado,2,4812637
01/08/2008,Bovino Congelado,2,4420445
01/09/2008,Bovino Congelado,2,5676366
01/10/2008,Bovino Congelado,2,4302173
01/11/2008,Bovino Congelado,2,4022908
01/12/2008,Bovino Congelado,2,4066089
01/01/2009,Bovino Congelado,2,3683862
01/02/2009,Bovino Congelado,2,4336873
01/03/2009,Bovino Congelado,2,6646500
01/04/2009,Bovino Congelado,2,4671472
01/05/2009,Bovino Congelado,2,4566307
01/06/2009,Bovino Congelado,2,4798445
01/07/2009,Bovino Congelado,2,3616684
01/08/2009,Bovino Congelado,2,5036142
01/09/2009,Bovino Congelado,2,4429727
01/10/2009,Bovino Congelado,2,3927822
01/11/2009,Bovino Congelado,2,4111840
01/12/2009,Bovino Congelado,2,3925412
01/01/2010,Bovino Congelado,2,2928769
01/02/2010,Bovino Congelado,2,3889584
01/03/2010,Bovino Congelado,2,5247880
01/04/2010,Bovino Congelado,2,3655899
01/05/2010,Bovino Congelado,2,4286785
01/06/2010,Bovino Congelado,2,5480593
01/07/2010,Bovino Congelado,2,5798053
01/08/2010,Bovino Congelado,2,6309090
01/09/2010,Bovino Congelado,2,8025259
01/10/2010,Bovino Congelado,2,9915232
01/11/2010,Bovino Congelado,2,7861476
01/12/2010,Bovino Congelado,2,9917404
01/01/2011,Bovino Congelado,2,12344398
01/02/2011,Bovino Congelado,2,12861381
01/03/2011,Bovino Congelado,2,19515546
01/04/2011,Bovino Congelado,2,18128971
01/05/2011,Bovino Congelado,2,19524130
01/06/2011,Bovino Congelado,2,18737191
01/07/2011,Bovino Congelado,2,20238430
01/08/2011,Bovino Congelado,2,20220676
01/09/2011,Bovino Congelado,2,20335194
01/10/2011,Bovino Congelado,2,18459464
01/11/2011,Bovino Congelado,2,11321539
01/12/2011,Bovino Congelado,2,20299952
01/01/2012,Bovino Congelado,2,22389595
01/02/2012,Bovino Congelado,2,19370146
01/03/2012,Bovino Congelado,2,23410862
01/04/2012,Bovino Congelado,2,28604815
01/05/2012,Bovino Congelado,2,34012385
01/06/2012,Bovino Congelado,2,24687760
01/07/2012,Bovino Congelado,2,25018680
01/08/2012,Bovino Congelado,2,21409606
01/09/2012,Bovino Congelado,2,15879530
01/10/2012,Bovino Congelado,2,20396413
01/11/2012,Bovino Congelado,2,9664725
01/12/2012,Bovino Congelado,2,11374796
01/01/2013,Bovino Congelado,2,14803073
01/02/2013,Bovino Congelado,2,10474202
01/03/2013,Bovino Congelado,2,11569293
01/04/2013,Bovino Congelado,2,9632083
01/05/2013,Bovino Congelado,2,11229453
01/06/2013,Bovino Congelado,2,10860862
01/07/2013,Bovino Congelado,2,13340949
01/08/2013,Bovino Congelado,2,10358339
01/09/2013,Bovino Congelado,2,8217515
01/10/2013,Bovino Congelado,2,8747596
01/11/2013,Bovino Congelado,2,8895097
01/12/2013,Bovino Congelado,2,7288781
01/01/2014,Bovino Congelado,2,8205814
01/02/2014,Bovino Congelado,2,5542570
01/03/2014,Bovino Congelado,2,11704432
01/04/2014,Bovino Congelado,2,8487526
01/05/2014,Bovino Congelado,2,11352009
01/06/2014,Bovino Congelado,2,10668063
01/07/2014,Bovino Congelado,2,12130224
01/08/2014,Bovino Congelado,2,10438965
01/09/2014,Bovino Congelado,2,11799736
01/10/2014,Bovino Congelado,2,14256767
01/11/2014,Bovino Congelado,2,14430902
01/12/2014,Bovino Congelado,2,17498914
01/01/2015,Bovino Congelado,2,15463694
01/02/2015,Bovino Congelado,2,13273940
01/03/2015,Bovino Congelado,2,14020279
01/04/2015,Bovino Congelado,2,7800161
01/05/2015,Bovino Congelado,2,9331848
01/06/2015,Bovino Congelado,2,7852517
01/07/2015,Bovino Congelado,2,8924693
01/08/2015,Bovino Congelado,2,8279960
01/09/2015,Bovino Congelado,2,7252871
01/10/2015,Bovino Congelado,2,6591827
01/11/2015,Bovino Congelado,2,8322971
01/12/2015,Bovino Congelado,2,8474735
01/01/2016,Bovino Congelado,2,6304718
01/02/2016,Bovino Congelado,2,6932090
01/03/2016,Bovino Congelado,2,14393656
01/04/2016,Bovino Congelado,2,10977543
01/05/2016,Bovino Congelado,2,8386035
01/06/2016,Bovino Congelado,2,9263385
01/07/2016,Bovino Congelado,2,8034925
01/08/2016,Bovino Congelado,2,10588521
01/09/2016,Bovino Congelado,2,9509621
01/10/2016,Bovino Congelado,2,8368874
01/11/2016,Bovino Congelado,2,9869020
01/12/2016,Bovino Congelado,2,9015574
01/01/2017,Bovino Congelado,2,10961009
01/02/2017,Bovino Congelado,2,8898991
01/03/2017,Bovino Congelado,2,10077541
01/04/2017,Bovino Congelado,2,9740540
01/05/2017,Bovino Congelado,2,14641144
01/06/2017,Bovino Congelado,2,13380710
01/07/2017,Bovino Congelado,2,11624697
01/08/2017,Bovino Congelado,2,11058796
01/09/2017,Bovino Congelado,2,12449609
01/10/2017,Bovino Congelado,2,11710809
01/11/2017,Bovino Congelado,2,11885033
01/12/2017,Bovino Congelado,2,12485116
01/01/2018,Bovino Congelado,2,10443197
01/02/2018,Bovino Congelado,2,12386675
01/03/2018,Bovino Congelado,2,13570328
01/04/2018,Bovino Congelado,2,16966444
01/05/2018,Bovino Congelado,2,20112560
01/06/2018,Bovino Congelado,2,19080809
01/07/2018,Bovino Congelado,2,16563440
01/08/2018,Bovino Congelado,2,16563878
01/09/2018,Bovino Congelado,2,12785778
01/10/2018,Bovino Congelado,2,13991589
01/11/2018,Bovino Congelado,2,15283786
01/12/2018,Bovino Congelado,2,14793006
01/01/2019,Bovino Congelado,2,15278914
01/02/2019,Bovino Congelado,2,17349351
01/03/2019,Bovino Congelado,2,17497845
01/04/2019,Bovino Congelado,2,16654469
01/05/2019,Bovino Congelado,2,16202265
01/06/2019,Bovino Congelado,2,17471271
01/07/2019,Bovino Congelado,2,20611088
01/08/2019,Bovino Congelado,2,17151763
01/09/2019,Bovino Congelado,2,13364872
01/10/2019,Bovino Congelado,2,16731363
01/11/2019,Bovino Congelado,2,15005732
01/12/2019,Bovino Congelado,2,16549791
01/01/2020,Bovino Congelado,2,17843454
01/02/2020,Bovino Congelado,2,21646493
01/03/2020,Bovino Congelado,2,17758095
01/04/2020,Bovino Congelado,2,18674116
01/05/2020,Bovino Congelado,2,24703869
01/06/2020,Bovino Congelado,2,28616754
01/07/2020,Bovino Congelado,2,20423784
01/08/2020,Bovino Congelado,2,21462576
01/09/2020,Bovino Congelado,2,18487219
01/10/2020,Bovino Congelado,2,14250592
01/11/2020,Bovino Congelado,2,10995001
01/12/2020,Bovino Congelado,2,11279266
01/01/2021,Bovino Congelado,2,11893383
01/02/2021,Bovino Congelado,2,15612347
01/03/2021,Bovino Congelado,2,21678454
01/04/2021,Bovino Congelado,2,19750999
01/05/2021,Bovino Congelado,2,26818180
01/06/2021,Bovino Congelado,2,28136278
01/07/2021,Bovino Congelado,2,24881559
01/08/2021,Bovino Congelado,2,26678695
01/09/2021,Bovino Congelado,2,24758154
01/10/2021,Bovino Congelado,2,23119159
01/11/2021,Bovino Congelado,2,23721852
01/12/2021,Bovino Congelado,2,23746080
01/01/2022,Bovino Congelado,2,26296661
01/02/2022,Bovino Congelado,2,28850725
01/03/2022,Bovino Congelado,2,36631867
01/04/2022,Bovino Congelado,2,34648799
01/05/2022,Bovino Congelado,2,37416840
01/06/2022,Bovino Congelado,2,34142674
01/07/2022,Bovino Congelado,2,26058558
01/08/2022,Bovino Congelado,2,27299397
01/09/2022,Bovino Congelado,2,25092055
01/10/2022,Bovino Congelado,2,21687128
01/11/2022,Bovino Congelado,2,22144309
01/12/2022,Bovino Congelado,2,21657074
01/01/2023,Bovino Congelado,2,20992253
01/02/2023,Bovino Congelado,2,18629154
01/03/2023,Bovino Congelado,2,23228530
01/04/2023,Bovino Congelado,2,23394624
01/05/2023,Bovino Congelado,2,27163333
01/06/2023,Bovino Congelado,2,31136834
01/07/2023,Bovino Congelado,2,22555877
01/08/2023,Bovino Congelado,2,19016163
01/09/2023,Bovino Congelado,2,29923048
01/10/2023,Bovino Congelado,2,17860417
01/11/2023,Bovino Congelado,2,17316513
01/12/2023,Bovino Congelado,2,16248423
01/01/2024,Bovino Congelado,2,16505354
01/02/2024,Bovino Congelado,2,13982072
01/03/2024,Bovino Congelado,2,14769697
01/04/2024,Bovino Congelado,2,16398695
01/05/2024,Bovino Congelado,2,14758472
01/06/2024,Bovino Congelado,2,19645561
01/07/2024,Bovino Congelado,2,19008730
01/08/2024,Bovino Congelado,2,20166850
01/09/2024,Bovino Congelado,2,16728788
01/10/2024,Bovino Congelado,2,19340623
01/11/2024,Bovino Congelado,2,18906830
01/12/2024,Bovino Congelado,2,18197058
01/01/2025,Bovino Congelado,2,19243231
01/02/2025,Bovino Congelado,2,14048294
01/03/2025,Bovino Congelado,2,16801173
01/04/2025,Bovino Congelado,2,14098003
01/05/2025,Bovino Congelado,2,16993037
01/06/2025,Bovino Congelado,2,15186296
01/07/2025,Bovino Congelado,2,15200597
01/08/2025,Bovino Congelado,2,16635419
01/09/2025,Bovino Congelado,2,16939953
01/10/2025,Bovino Congelado,2,19905910
01/11/2025,Bovino Congelado,2,23116516
